{"cameraMode":{"drawMode":0,"name":"Shaded","section":"Shading Mode"},"sceneLighting":true,"audioPlay":false,"sceneViewState":{"showFog":true,"showMaterialUpdate":false,"showSkybox":true,"showFlares":true,"showImageEffects":true,"showParticleSystems":true},"in2DMode":false,"pivot":{"x":26.2034969329834,"y":20.982704162597658,"z":28.122472763061525},"rotation":{"x":0.41209566593170168,"y":0.21421556174755097,"z":-0.10035298019647598,"w":0.8799242973327637},"size":39.29705047607422,"orthographic":false}