{"cameraMode":{"drawMode":0,"name":"Shaded","section":"Shading Mode"},"sceneLighting":false,"audioPlay":false,"sceneViewState":{"showFog":true,"showMaterialUpdate":false,"showSkybox":false,"showFlares":true,"showImageEffects":true,"showParticleSystems":true},"in2DMode":false,"pivot":{"x":-2.686768054962158,"y":-0.12488460540771485,"z":-0.29322001338005068},"rotation":{"x":0.24655427038669587,"y":0.28854265809059145,"z":-0.07716350257396698,"w":0.9219585061073303},"size":2.9251580238342287,"orthographic":false}