{"cameraMode":{"drawMode":0,"name":"Shaded","section":"Shading Mode"},"sceneLighting":true,"audioPlay":false,"sceneViewState":{"showFog":true,"showMaterialUpdate":false,"showSkybox":true,"showFlares":true,"showImageEffects":true,"showParticleSystems":true},"in2DMode":false,"pivot":{"x":21.04216766357422,"y":-7.183963775634766,"z":0.19132328033447267},"rotation":{"x":0.2725294828414917,"y":-0.6510436534881592,"z":0.2710314989089966,"w":0.6545759439468384},"size":13.083236694335938,"orthographic":false}