{"cameraMode":{"drawMode":0,"name":"Shaded","section":"Shading Mode"},"sceneLighting":true,"audioPlay":false,"sceneViewState":{"showFog":true,"showMaterialUpdate":false,"showSkybox":true,"showFlares":true,"showImageEffects":true,"showParticleSystems":true},"in2DMode":false,"pivot":{"x":1.9063736200332642,"y":-0.3028130531311035,"z":1.3895196914672852},"rotation":{"x":-0.33795684576034548,"y":0.03584327921271324,"z":-0.012873150408267975,"w":-0.9404054880142212},"size":6.0534162521362309,"orthographic":false}