{"cameraMode":{"drawMode":0,"name":"Shaded","section":"Shading Mode"},"sceneLighting":true,"audioPlay":false,"sceneViewState":{"showFog":true,"showMaterialUpdate":false,"showSkybox":true,"showFlares":true,"showImageEffects":true,"showParticleSystems":true},"in2DMode":false,"pivot":{"x":290.4888916015625,"y":-861.9622192382813,"z":-274.5466003417969},"rotation":{"x":0.19229717552661897,"y":-0.004112415947020054,"z":0.000780465838033706,"w":0.9813535213470459},"size":158.26834106445313,"orthographic":false}