{"cameraMode":{"drawMode":0,"name":"Shaded","section":"Shading Mode"},"sceneLighting":false,"audioPlay":false,"sceneViewState":{"showFog":true,"showMaterialUpdate":false,"showSkybox":false,"showFlares":true,"showImageEffects":true,"showParticleSystems":true},"in2DMode":false,"pivot":{"x":40.747676849365237,"y":293.2613525390625,"z":-0.734344482421875},"rotation":{"x":0.01199861615896225,"y":-0.013499164953827858,"z":0.0001619819231564179,"w":0.9998366236686707},"size":173.6094512939453,"orthographic":false}