{"cameraMode":{"drawMode":0,"name":"Shaded","section":"Shading Mode"},"sceneLighting":true,"audioPlay":false,"sceneViewState":{"showFog":true,"showMaterialUpdate":false,"showSkybox":true,"showFlares":true,"showImageEffects":true,"showParticleSystems":true},"in2DMode":false,"pivot":{"x":2.4466195106506349,"y":1.9536266326904297,"z":6.246560573577881},"rotation":{"x":0.33925002813339236,"y":0.6476233601570129,"z":-0.39483365416526797,"w":0.5564395189285278},"size":9.45699405670166,"orthographic":false}